"actor_guest","episodes","percent"
"Ashley",57,49.5652173913044
"Guests",28,24.3478260869565
"Laura",112,97.3913043478261
"Liam",110,95.6521739130435
"Marisha",113,98.2608695652174
"Matt",114,99.1304347826087
"Orion",24,20.8695652173913
"Sam",108,93.9130434782609
"Taliesin",110,95.6521739130435
"Travis",111,96.5217391304348
