"actor_guest","Coleman.Liau.grade"
"Ashley",2.39746359651396
"Guests",3.45720795172311
"Laura",3.27315632639362
"Liam",3.72594917051045
"Marisha",3.69998992993585
"Matt",6.05347752754271
"Orion",3.3758004346976
"Sam",3.33281558983365
"Taliesin",4.20813925160945
"Travis",3.24270059950395
