"actor_guest","Coleman.Liau.grade"
"Ashley",2.39561789658216
"Guests",3.41688631190571
"Laura",3.27289188209696
"Liam",3.72038391305925
"Marisha",3.69378016817965
"Matt",6.05069280434116
"Orion",3.34580250326676
"Sam",3.33242161608585
"Taliesin",4.20828716553622
"Travis",3.24228761770629
