"CR_GUEST","Coleman.Liau.grade","Dale.Chall"
"Ashley",2.34882327927438,46.603039473318
"Guests",3.48294507845116,44.0556533747546
"Laura",3.30311622452785,45.7022824255396
"Liam",3.65706284770063,42.9735476451233
"Marisha",3.61201823825297,43.3203068748302
"Matt",6.06994778716771,30.492375093599
"Orion",3.23086603380308,43.4548870959608
"Sam",3.31820986959633,44.8265327170871
"Taliesin",4.14579552191165,44.4043293869892
"Travis",3.09725491590042,44.5948261061623
