"arc","arc_no","bing_sentiment_mean","afinn_sentiment_mean"
"Attack_Conclave",4,0.0796062131205605,0.16450717396421
"Briarwoods",3,0.0597730551522148,0.119743962506586
"Daring_Deeds",7,0.158601285849289,0.312720227422458
"End",8,0.0351122278602074,0.0114338000683321
"Fall_Conclave",6,0.112265766996815,0.224637324999031
"Kraghammer",1,0.125344467833482,0.269142779613439
"Vasselheim",2,0.0795184556257238,0.235754782265504
"Vestiges",5,0.101276896453852,0.204657960545538
