"actor_guest","mean"
"Travis",8.79696550693225
"Ashley",8.91701412239408
"Laura",9.20773592848476
"Marisha",10.3450313755437
"Sam",10.3795073685677
"Taliesin",11.3185451790112
"Liam",11.4136630853436
"Orion",11.7749694251936
"Guests",12.1891721750079
"Matt",24.045528246043
