"arc_no","arc","mean_sentiment_per_episode"
1,"Kraghammer",208.672692740161
2,"Vasselheim",199.261272703851
3,"Briarwoods",163.918693399545
4,"Attack_Conclave",163.17618875586
5,"Vestiges",164.942921938219
6,"Fall_Conclave",149.730249807841
7,"Daring_Deeds",240.344538098539
8,"End",134.901198460344
