"actor_guest","mean_words_per_minute"
"Ashley",177.949055698387
"Guests",182.395203178234
"Laura",195.99755767496
"Liam",196.725913226525
"Marisha",185.052023038542
"Matt",194.166645401665
"Orion",201.549097423092
"Sam",185.457244555528
"Taliesin",199.489936278563
"Travis",187.581114254607
