"model","recall","precision","f_meas","accuracy","kap","sens","spec","roc_auc","rightly_classified","wrongly_classified"
"random_forest",0.134396324814202,0.14008118772462,0.103094410903388,0.156337465013994,0.0644546630741907,0.134396324814202,0.907648425240228,0.586457137791175,391,2110
